First Name,Last name,Price,Mobile,Age,Birth place
WER 33,tst,50,385004,,
WER 332,,50,,,
WER 333,,50,,,
WER 334,,50,,,
WER 335,,50,,,
WER 336,,50,,,
WER 337,,50,,,
WER 338,,50,,,
WER 339,,50,,,
WER 3310,,50,,,
Tst,,50,,,
Tst,,50,,,
tst2,,100,385007,,
WER 33,,50,,,
Octoplus,,40,,,
Testing 0,,10,,,
Testing,,40,,,
WER 33,,50,,,
FP,,5000,221007,25,
FP,,100000,,,
Testing,Test,100,385004,,
Testing,Test,0,385004,,
Testing new id,Test,0,385004,,
Testing,Test,0,385004,,
Rahul,Kr,1230000,7234101,40,
Tst,Test,0,385004,50,
Tst,Test,0,385004,50,Varanasi
